{"$schema":"http://schema.management.azure.com/schemas/2015-01-01/deploymentTemplate.json#","contentVersion":"1.0.0.0","parameters":{"WatermarkWarehouse":{"type":"string"},"LH2":{"type":"string"}},"variables":{},"resources":[{"name":"CDMtoLh","type":"pipelines","apiVersion":"2018-06-01","properties":{"activities":[{"name":"LookupLastFolderName","type":"Lookup","dependsOn":[],"policy":{"timeout":"0.12:00:00","retry":0,"retryIntervalInSeconds":30,"secureOutput":false,"secureInput":false},"typeProperties":{"source":{"type":"DataWarehouseSource","queryTimeout":"02:00:00","partitionOption":"None"},"firstRowOnly":true,"datasetSettings":{"annotations":[],"linkedService":{"name":"WatermarkWarehouse","properties":{"annotations":[],"type":"DataWarehouse","typeProperties":{"endpoint":"3vauooznuz5u3jqdiexw7eahmu-65mlxinfxoiupbossrpxtfzndq.datawarehouse.fabric.microsoft.com","artifactId":"[parameters('WatermarkWarehouse')]","workspaceId":"a1bb58f7-bba5-4791-85d2-945f79972d1c"}}},"type":"DataWarehouseTable","schema":[],"typeProperties":{"schema":"dbo","table":"watermarktable"}}}},{"name":"Get Folder List","description":"only last 30 days!","type":"GetMetadata","dependsOn":[{"activity":"LookupLastFolderName","dependencyConditions":["Succeeded"]}],"policy":{"timeout":"0.12:00:00","retry":0,"retryIntervalInSeconds":30,"secureOutput":false,"secureInput":false},"typeProperties":{"fieldList":["childItems"],"datasetSettings":{"annotations":[],"linkedService":{"name":"LH2","properties":{"annotations":[],"type":"Lakehouse","typeProperties":{"workspaceId":"a1bb58f7-bba5-4791-85d2-945f79972d1c","artifactId":"[parameters('LH2')]","rootFolder":"Files"}}},"type":"Binary","typeProperties":{"location":{"type":"LakehouseLocation","folderPath":"dataverse-m365devtstde-unq905741faf6834ba6bddbabd9d2dbc"}}},"storeSettings":{"type":"LakehouseReadSettings","recursive":true,"modifiedDatetimeStart":{"value":"@subtractFromTime(utcNow(),30,'Day')","type":"Expression"},"enablePartitionDiscovery":false},"formatSettings":{"type":"BinaryReadSettings"}}},{"name":"FolderTypeOnly","type":"Filter","dependsOn":[{"activity":"Get Folder List","dependencyConditions":["Succeeded"]}],"typeProperties":{"items":{"value":"@activity('Get Folder List').output.childItems","type":"Expression"},"condition":{"value":"@and(and(equals(item().type,'Folder'),not(equals(item().name,'Changelog'))),greaterOrEquals(item().name, activity('LookupLastFolderName').output.firstRow.WatermarkValue))","type":"Expression"}}},{"name":"Set Watermark","type":"SqlServerStoredProcedure","dependsOn":[{"activity":"CopyCDMtoStructuredTable","dependencyConditions":["Succeeded"]}],"policy":{"timeout":"0.12:00:00","retry":0,"retryIntervalInSeconds":30,"secureOutput":false,"secureInput":false},"typeProperties":{"storedProcedureName":"[[dbo].[usp_write_watermark]","storedProcedureParameters":{"LastFolderName":{"value":{"value":"@activity('FolderTypeOnly').output.Value[\n    if(less(\n        sub(length(activity('FolderTypeOnly').output.Value),2),0),\n        0,    \n        sub(length(activity('FolderTypeOnly').output.Value),2))            \n    ].name","type":"Expression"},"type":"String"}}},"linkedService":{"name":"WatermarkWarehouse","properties":{"annotations":[],"type":"DataWarehouse","typeProperties":{"endpoint":"3vauooznuz5u3jqdiexw7eahmu-65mlxinfxoiupbossrpxtfzndq.datawarehouse.fabric.microsoft.com","artifactId":"[parameters('WatermarkWarehouse')]","workspaceId":"a1bb58f7-bba5-4791-85d2-945f79972d1c"}}}},{"name":"CopyCDMtoStructuredTable","type":"TridentNotebook","dependsOn":[{"activity":"FolderTypeOnly","dependencyConditions":["Succeeded"]}],"policy":{"timeout":"0.12:00:00","retry":0,"retryIntervalInSeconds":30,"secureOutput":false,"secureInput":false},"typeProperties":{"notebookId":"c07e4ff2-40d9-46b9-825e-17d8c58a8d28","workspaceId":"a1bb58f7-bba5-4791-85d2-945f79972d1c","parameters":{"arrFolderNames":{"value":{"value":"@concat(activity('FolderTypeOnly').output.Value,'')","type":"Expression"},"type":"string"}},"sessionTag":"CopyCDMtoStructuredTableSession"}}],"lastModifiedByObjectId":"f8f46d55-f78d-43c7-b6d4-a33921ed28c6","lastPublishTime":"2025-01-22T10:19:01Z","extraTridentInfo":"{\"folderObjectId\":\"a1bb58f7-bba5-4791-85d2-945f79972d1c\",\"capacityObjectId\":\"66A51C1D-666E-4574-992D-9B1C6EA7B692\",\"artifactType\":\"Pipeline\",\"provisionState\":\"Active\",\"lastUpdatedDate\":\"2025-01-22T10:19:00.334Z\",\"createdDate\":\"2024-12-18T12:23:02.345Z\",\"ownerUser\":{\"id\":822919,\"name\":\"Tobias Strobelt\",\"objectId\":\"f8f46d55-f78d-43c7-b6d4-a33921ed28c6\",\"userPrincipalName\":\"admin@m365devtst.onmicrosoft.com\",\"aadAppId\":null,\"type\":null},\"ownerUserId\":822919,\"createdByUser\":{\"id\":822919,\"name\":\"Tobias Strobelt\",\"objectId\":\"f8f46d55-f78d-43c7-b6d4-a33921ed28c6\",\"userPrincipalName\":\"admin@m365devtst.onmicrosoft.com\",\"aadAppId\":null,\"type\":null},\"createdByUserId\":822919,\"modifiedByUser\":{\"id\":822919,\"name\":\"Tobias Strobelt\",\"objectId\":\"f8f46d55-f78d-43c7-b6d4-a33921ed28c6\",\"userPrincipalName\":\"admin@m365devtst.onmicrosoft.com\",\"aadAppId\":null,\"type\":null},\"modifiedByUserId\":822919,\"artifactRelations\":[{\"dependentArtifactObjectId\":\"82e16868-1a1a-4c33-859f-872f936315ad\",\"settings\":0},{\"dependentArtifactObjectId\":\"c07e4ff2-40d9-46b9-825e-17d8c58a8d28\",\"settings\":0}],\"permissions\":71,\"artifactPermissions\":7,\"systemArtifactType\":\"None\",\"etag\":\"\\\"7dac56bc0b59443ea619e0dd9c547d5a\\\"\"}"},"dependsOn":[]}]}