{"$schema":"http://schema.management.azure.com/schemas/2015-01-01/deploymentTemplate.json#","contentVersion":"1.0.0.0","parameters":{},"variables":{},"resources":[{"name":"SparkSessionKeepAlive","type":"pipelines","apiVersion":"2018-06-01","properties":{"activities":[{"name":"KeepAlive","type":"TridentNotebook","dependsOn":[],"policy":{"timeout":"0.12:00:00","retry":0,"retryIntervalInSeconds":30,"secureOutput":false,"secureInput":false},"typeProperties":{"notebookId":"4ffb6f61-646e-4a12-8fa4-deb608443387","workspaceId":"a1bb58f7-bba5-4791-85d2-945f79972d1c","sessionTag":"CopyCDMtoStructuredTableSession"}}],"lastModifiedByObjectId":"f8f46d55-f78d-43c7-b6d4-a33921ed28c6","lastPublishTime":"2025-01-22T10:19:54Z","extraTridentInfo":"{\"folderObjectId\":\"a1bb58f7-bba5-4791-85d2-945f79972d1c\",\"capacityObjectId\":\"66A51C1D-666E-4574-992D-9B1C6EA7B692\",\"artifactType\":\"Pipeline\",\"provisionState\":\"Active\",\"lastUpdatedDate\":\"2025-01-22T10:19:53.740Z\",\"createdDate\":\"2025-01-06T15:37:12.517Z\",\"ownerUser\":{\"id\":822919,\"name\":\"Tobias Strobelt\",\"objectId\":\"f8f46d55-f78d-43c7-b6d4-a33921ed28c6\",\"userPrincipalName\":\"admin@m365devtst.onmicrosoft.com\",\"aadAppId\":null,\"type\":null},\"ownerUserId\":822919,\"createdByUser\":{\"id\":822919,\"name\":\"Tobias Strobelt\",\"objectId\":\"f8f46d55-f78d-43c7-b6d4-a33921ed28c6\",\"userPrincipalName\":\"admin@m365devtst.onmicrosoft.com\",\"aadAppId\":null,\"type\":null},\"createdByUserId\":822919,\"modifiedByUser\":{\"id\":822919,\"name\":\"Tobias Strobelt\",\"objectId\":\"f8f46d55-f78d-43c7-b6d4-a33921ed28c6\",\"userPrincipalName\":\"admin@m365devtst.onmicrosoft.com\",\"aadAppId\":null,\"type\":null},\"modifiedByUserId\":822919,\"artifactRelations\":[{\"dependentArtifactObjectId\":\"4ffb6f61-646e-4a12-8fa4-deb608443387\",\"settings\":0}],\"permissions\":71,\"artifactPermissions\":7,\"systemArtifactType\":\"None\",\"etag\":\"\\\"5136d47050d7452482f955464fed12d4\\\"\"}"},"dependsOn":[]}]}